{"cameraMode":{"drawMode":0,"name":"Shaded","section":"Shading Mode"},"sceneLighting":true,"audioPlay":false,"sceneViewState":{"m_AlwaysRefresh":false,"showFog":true,"showSkybox":true,"showFlares":true,"showImageEffects":true,"showParticleSystems":true,"showVisualEffectGraphs":true,"m_FxEnabled":true},"in2DMode":false,"pivot":{"x":-0.043087005615234378,"y":2.9440419673919679,"z":-3.131456136703491},"rotation":{"x":-0.16910676658153535,"y":-0.5661323070526123,"z":0.11991294473409653,"w":-0.7978943586349487},"size":5.355620861053467,"orthographic":false}