{"cameraMode":{"drawMode":0,"name":"Shaded","section":"Shading Mode"},"sceneLighting":true,"audioPlay":false,"sceneViewState":{"m_AlwaysRefresh":false,"showFog":true,"showSkybox":true,"showFlares":true,"showImageEffects":true,"showParticleSystems":true,"showVisualEffectGraphs":true,"m_FxEnabled":true},"in2DMode":false,"pivot":{"x":-1.1591076850891114,"y":22.219308853149415,"z":-198.23753356933595},"rotation":{"x":-0.05211382359266281,"y":-0.04431021958589554,"z":0.0032100253738462927,"w":-0.9978983998298645},"size":12.905194282531739,"orthographic":false}