{"cameraMode":{"drawMode":0,"name":"Shaded","section":"Shading Mode"},"sceneLighting":true,"audioPlay":false,"sceneViewState":{"m_AlwaysRefresh":false,"showFog":true,"showSkybox":true,"showFlares":true,"showImageEffects":true,"showParticleSystems":true,"showVisualEffectGraphs":true,"m_FxEnabled":true},"in2DMode":false,"pivot":{"x":7.144079685211182,"y":23.872535705566408,"z":-257.5648193359375},"rotation":{"x":-0.23670083284378053,"y":0.002808026736602187,"z":0.05896487459540367,"w":-0.9698912501335144},"size":4.2305169105529789,"orthographic":false}